recorded_at_utc,rss_kib
2026-09-08T16:50:42Z,40592
2026-09-08T16:50:43Z,75216
2026-09-08T16:50:44Z,116980
2026-09-08T16:50:45Z,136708
2026-09-08T16:50:46Z,136792
2026-09-08T16:50:48Z,136804
2026-09-08T16:50:49Z,136992
2026-09-08T16:50:50Z,136992
2026-09-08T16:50:51Z,136992
2026-09-08T16:50:52Z,137004
2026-09-08T16:50:53Z,138368
2026-09-08T16:50:54Z,138368
2026-09-08T16:50:55Z,138368
2026-09-08T16:50:56Z,138368
2026-09-08T16:50:57Z,186868
2026-09-08T16:50:58Z,184560
2026-09-08T16:50:59Z,205068
2026-09-08T16:51:00Z,205068
2026-09-08T16:51:01Z,205068
2026-09-08T16:51:02Z,225236
2026-09-08T16:51:03Z,225704
2026-09-08T16:51:04Z,226516
2026-09-08T16:51:05Z,226516
2026-09-08T16:51:06Z,226516
