format,operation,size_bytes,iteration,http_status,seconds
Maven,upload,5242880,1,201,0.240785
Maven,upload,5242880,2,201,0.294778
Maven,upload,5242880,3,201,0.307782
Maven,upload,5242880,4,201,0.269793
Maven,upload,5242880,5,201,0.266618
Maven,download,5242880,1,200,0.060237
Maven,download,5242880,2,200,0.067405
Maven,download,5242880,3,200,0.068086
Maven,download,5242880,4,200,0.091113
Maven,download,5242880,5,200,0.105465
Docker,upload,52428800,1,201,2.095486
Docker,upload,52428800,2,201,1.920769
Docker,upload,52428800,3,201,2.331281
Docker,upload,52428800,4,201,1.954871
Docker,upload,52428800,5,201,1.981820
Docker,download,52428800,1,200,0.203748
Docker,download,52428800,2,200,0.245867
Docker,download,52428800,3,200,0.261195
Docker,download,52428800,4,200,0.288276
Docker,download,52428800,5,200,0.352570
npm,upload,1048576,1,201,0.188036
npm,upload,1048576,2,201,0.144610
npm,upload,1048576,3,201,0.119343
npm,upload,1048576,4,201,0.117721
npm,upload,1048576,5,201,0.099700
npm,download,1048576,1,200,0.048562
npm,download,1048576,2,200,0.053454
npm,download,1048576,3,200,0.046127
npm,download,1048576,4,200,0.048920
npm,download,1048576,5,200,0.048552
PyPI,upload,3145728,1,200,0.206851
PyPI,upload,3145728,2,200,0.251798
PyPI,upload,3145728,3,200,0.214348
PyPI,upload,3145728,4,200,0.222309
PyPI,upload,3145728,5,200,0.219412
PyPI,download,3145728,1,200,0.078061
PyPI,download,3145728,2,200,0.060797
PyPI,download,3145728,3,200,0.061451
PyPI,download,3145728,4,200,0.062437
PyPI,download,3145728,5,200,0.066782
Cargo,upload,1048576,1,200,0.129014
Cargo,upload,1048576,2,200,0.117013
Cargo,upload,1048576,3,200,0.154117
Cargo,upload,1048576,4,200,0.124865
Cargo,upload,1048576,5,200,0.123928
Cargo,download,1048576,1,200,0.056218
Cargo,download,1048576,2,200,0.056168
Cargo,download,1048576,3,200,0.054806
Cargo,download,1048576,4,200,0.055573
Cargo,download,1048576,5,200,0.059750
GoMod,upload,524288,1,201,0.087163
GoMod,upload,524288,2,201,0.143298
GoMod,upload,524288,3,201,0.147885
GoMod,upload,524288,4,201,0.085956
GoMod,upload,524288,5,201,0.101977
GoMod,download,524288,1,200,0.038533
GoMod,download,524288,2,200,0.046849
GoMod,download,524288,3,200,0.057886
GoMod,download,524288,4,200,0.061305
GoMod,download,524288,5,200,0.064878
NuGet,upload,1048576,1,201,0.134623
NuGet,upload,1048576,2,201,0.107046
NuGet,upload,1048576,3,201,0.105961
NuGet,upload,1048576,4,201,0.114449
NuGet,upload,1048576,5,201,0.133088
NuGet,download,1048576,1,200,0.066329
NuGet,download,1048576,2,200,0.066260
NuGet,download,1048576,3,200,0.085261
NuGet,download,1048576,4,200,0.083406
NuGet,download,1048576,5,200,0.084231
Raw,upload,10485760,1,201,0.688240
Raw,upload,10485760,2,201,0.509890
Raw,upload,10485760,3,201,0.419622
Raw,upload,10485760,4,201,0.473357
Raw,upload,10485760,5,201,0.452372
Raw,download,10485760,1,200,0.072919
Raw,download,10485760,2,200,0.092561
Raw,download,10485760,3,200,0.113462
Raw,download,10485760,4,200,0.089567
Raw,download,10485760,5,200,0.096003
