format,operation,size_bytes,iterations,avg_ms,min_ms,max_ms,throughput_mbps
Maven,upload,5242880,5,275.951,240.785,307.782,152.0
Maven,download,5242880,5,78.461,60.237,105.465,534.6
Docker,upload,52428800,5,2056.845,1920.769,2331.281,203.9
Docker,download,52428800,5,270.331,203.748,352.570,1551.5
npm,upload,1048576,5,133.882,99.700,188.036,62.7
npm,download,1048576,5,49.123,46.127,53.454,170.8
PyPI,upload,3145728,5,222.944,206.851,251.798,112.9
PyPI,download,3145728,5,65.906,60.797,78.061,381.8
Cargo,upload,1048576,5,129.787,117.013,154.117,64.6
Cargo,download,1048576,5,56.503,54.806,59.750,148.5
GoMod,upload,524288,5,113.256,85.956,147.885,37.0
GoMod,download,524288,5,53.890,38.533,64.878,77.8
NuGet,upload,1048576,5,119.033,105.961,134.623,70.5
NuGet,download,1048576,5,77.097,66.260,85.261,108.8
Raw,upload,10485760,5,508.696,419.622,688.240,164.9
Raw,download,10485760,5,92.902,72.919,113.462,902.9
